price,date,min,max,median
$344.77 ,20210509-1428,,,
$344.77 ,20210509-1428,,,
$344.77 ,20210509-1428,,,
$345.51 ,20210509-1428,,,
$345.63 ,20210509-1428,,,
$345.67 ,20210509-1428,,,
$345.69 ,20210509-1428,,,
$345.74 ,20210509-1428,,,
$345.77 ,20210509-1428,,,
$350.58 ,20210509-1428,,,
$362.24 ,20210509-1428,,,
$368.12 ,20210509-1428,,,
$378.29 ,20210509-1428,,,
$380.51 ,20210509-1428,,,
$381.15 ,20210509-1428,,,
$382.81 ,20210509-1428,,,
$383.82 ,20210509-1428,,,
$384.39 ,20210509-1428,,,
$391.49 ,20210509-1428,,,
$391.54 ,20210509-1428,,,
$394.57 ,20210509-1428,,,
$397.62 ,20210509-1428,,,
$400.27 ,20210509-1428,,,
$404.91 ,20210509-1428,,,
$359.74 ,20210509-1103,,,
$360.29 ,20210509-1103,,,
$364.67 ,20210509-1103,,,
$377.07 ,20210509-1103,,,
$378.74 ,20210509-1103,,,
$380.62 ,20210509-1103,,,
$380.89 ,20210509-1103,,,
$381.74 ,20210509-1103,,,
$384.93 ,20210509-1103,,,
$389.87 ,20210509-1103,,,
$392.61 ,20210509-1103,,,
$392.98 ,20210509-1103,,,
$396.11 ,20210509-1103,,,
$399.68 ,20210509-1103,,,
$404.17 ,20210509-1103,,,
$405.86 ,20210509-1103,,,
$406.69 ,20210509-1103,,,
$444.40 ,20210509-1103,,,
$452.29 ,20210509-1103,,,
$457.51 ,20210509-1103,,,
$461.91 ,20210509-1103,,,
$461.91 ,20210509-1103,,,
$464.56 ,20210509-1103,,,
$470.76 ,20210509-1103,,,
$343.63 ,20210509-1446,,,
$343.63 ,20210509-1446,,,
$343.63 ,20210509-1446,,,
$343.67 ,20210509-1446,,,
$343.79 ,20210509-1446,,,
$343.83 ,20210509-1446,,,
$343.85 ,20210509-1446,,,
$343.90 ,20210509-1446,,,
$343.93 ,20210509-1446,,,
$348.49 ,20210509-1446,,,
$360.68 ,20210509-1446,,,
$366.62 ,20210509-1446,,,
$376.40 ,20210509-1446,,,
$378.94 ,20210509-1446,,,
$379.24 ,20210509-1446,,,
$381.10 ,20210509-1446,,,
$382.22 ,20210509-1446,,,
$383.12 ,20210509-1446,,,
$389.48 ,20210509-1446,,,
$389.77 ,20210509-1446,,,
$392.77 ,20210509-1446,,,
$395.81 ,20210509-1446,,,
$398.37 ,20210509-1446,,,
$402.78 ,20210509-1446,,,
$347.39 ,20210507-2342,,,
$359.00 ,20210507-2342,,,
$365.64 ,20210507-2342,,,
$385.40 ,20210507-2342,,,
$391.41 ,20210507-2342,,,
$425.38 ,20210507-2342,,,
$429.91 ,20210507-2342,,,
$430.00 ,20210507-2342,,,
$431.64 ,20210507-2342,,,
$431.83 ,20210507-2342,,,
$431.83 ,20210507-2342,,,
$434.89 ,20210507-2342,,,
$438.99 ,20210507-2342,,,
$445.23 ,20210507-2342,,,
$457.39 ,20210507-2342,,,
$458.28 ,20210507-2342,,,
$459.02 ,20210507-2342,,,
$471.10 ,20210507-2342,,,
$475.07 ,20210507-2342,,,
$478.88 ,20210507-2342,,,
$478.93 ,20210507-2342,,,
$482.70 ,20210507-2342,,,
$498.84 ,20210507-2342,,,
$511.99 ,20210507-2342,,,
$362.02 ,20210508-1258,,,
$368.12 ,20210508-1258,,,
$378.77 ,20210508-1258,,,
$384.41 ,20210508-1258,,,
$391.46 ,20210508-1258,,,
$421.76 ,20210508-1258,,,
$440.22 ,20210508-1258,,,
$441.66 ,20210508-1258,,,
$445.93 ,20210508-1258,,,
$458.04 ,20210508-1258,,,
$458.04 ,20210508-1258,,,
$460.77 ,20210508-1258,,,
$461.89 ,20210508-1258,,,
$466.82 ,20210508-1258,,,
$466.82 ,20210508-1258,,,
$475.44 ,20210508-1258,,,
$475.51 ,20210508-1258,,,
$477.55 ,20210508-1258,,,
$478.28 ,20210508-1258,,,
$493.35 ,20210508-1258,,,
$493.49 ,20210508-1258,,,
$496.21 ,20210508-1258,,,
$542.02 ,20210508-1258,,,
$553.47 ,20210508-1258,,,
$344.91 ,20210508-1103,,,
$348.69 ,20210508-1103,,,
$351.20 ,20210508-1103,,,
$356.18 ,20210508-1103,,,
$375.03 ,20210508-1103,,,
$377.89 ,20210508-1103,,,
$412.91 ,20210508-1103,,,
$426.98 ,20210508-1103,,,
$432.05 ,20210508-1103,,,
$437.61 ,20210508-1103,,,
$440.45 ,20210508-1103,,,
$440.45 ,20210508-1103,,,
$444.32 ,20210508-1103,,,
$448.89 ,20210508-1103,,,
$448.89 ,20210508-1103,,,
$450.42 ,20210508-1103,,,
$458.91 ,20210508-1103,,,
$460.33 ,20210508-1103,,,
$463.06 ,20210508-1103,,,
$463.12 ,20210508-1103,,,
$474.80 ,20210508-1103,,,
$477.15 ,20210508-1103,,,
$521.20 ,20210508-1103,,,
$532.21 ,20210508-1103,,,
$355.88 ,20210508-1228,,,
$361.62 ,20210508-1228,,,
$372.65 ,20210508-1228,,,
$378.45 ,20210508-1228,,,
$384.31 ,20210508-1228,,,
$415.61 ,20210508-1228,,,
$432.72 ,20210508-1228,,,
$435.12 ,20210508-1228,,,
$439.70 ,20210508-1228,,,
$449.22 ,20210508-1228,,,
$449.22 ,20210508-1228,,,
$453.04 ,20210508-1228,,,
$453.86 ,20210508-1228,,,
$457.83 ,20210508-1228,,,
$457.83 ,20210508-1228,,,
$467.86 ,20210508-1228,,,
$467.92 ,20210508-1228,,,
$468.27 ,20210508-1228,,,
$469.18 ,20210508-1228,,,
$484.06 ,20210508-1228,,,
$485.03 ,20210508-1228,,,
$486.65 ,20210508-1228,,,
$531.58 ,20210508-1228,,,
$542.81 ,20210508-1228,,,
$350.47 ,20210508-0039,,,
$361.45 ,20210508-0039,,,
$369.46 ,20210508-0039,,,
$388.98 ,20210508-0039,,,
$393.87 ,20210508-0039,,,
$429.21 ,20210508-0039,,,
$429.21 ,20210508-0039,,,
$430.76 ,20210508-0039,,,
$435.46 ,20210508-0039,,,
$436.25 ,20210508-0039,,,
$437.44 ,20210508-0039,,,
$437.44 ,20210508-0039,,,
$441.11 ,20210508-0039,,,
$450.80 ,20210508-0039,,,
$459.76 ,20210508-0039,,,
$464.10 ,20210508-0039,,,
$464.98 ,20210508-0039,,,
$472.93 ,20210508-0039,,,
$477.66 ,20210508-0039,,,
$482.23 ,20210508-0039,,,
$482.29 ,20210508-0039,,,
$489.68 ,20210508-0039,,,
$505.69 ,20210508-0039,,,
$518.63 ,20210508-0039,,,
$343.83 ,20210509-1427,,,
$343.83 ,20210509-1427,,,
$343.83 ,20210509-1427,,,
$344.64 ,20210509-1427,,,
$344.76 ,20210509-1427,,,
$344.80 ,20210509-1427,,,
$344.82 ,20210509-1427,,,
$344.87 ,20210509-1427,,,
$344.89 ,20210509-1427,,,
$349.71 ,20210509-1427,,,
$361.28 ,20210509-1427,,,
$367.15 ,20210509-1427,,,
$377.32 ,20210509-1427,,,
$379.50 ,20210509-1427,,,
$380.18 ,20210509-1427,,,
$381.81 ,20210509-1427,,,
$382.81 ,20210509-1427,,,
$383.34 ,20210509-1427,,,
$390.49 ,20210509-1427,,,
$390.52 ,20210509-1427,,,
$393.54 ,20210509-1427,,,
$396.58 ,20210509-1427,,,
$399.24 ,20210509-1427,,,
$403.88 ,20210509-1427,,,
$315.91,20210509-1604,,,
$338.04,20210509-1604,,,
$338.16,20210509-1604,,,
$338.20,20210509-1604,,,
$338.22,20210509-1604,,,
$338.27,20210509-1604,,,
$338.30,20210509-1604,,,
$341.19,20210509-1604,,,
$341.19,20210509-1604,,,
$341.19,20210509-1604,,,
$341.76,20210509-1604,,,
$356.47,20210509-1604,,,
$362.69,20210509-1604,,,
$370.82,20210509-1604,,,
$373.57,20210509-1604,,,
$374.83,20210509-1604,,,
$376.37,20210509-1604,,,
$377.97,20210509-1604,,,
$380.39,20210509-1604,,,
$383.46,20210509-1604,,,
$384.82,20210509-1604,,,
$387.75,20210509-1604,,,
$390.71,20210509-1604,,,
$392.88,20210509-1604,,,
$330.47,20210509-1639,,,
$330.48,20210509-1639,,,
$337.79,20210509-1639,,,
$337.91,20210509-1639,,,
$337.94,20210509-1639,,,
$337.97,20210509-1639,,,
$338.02,20210509-1639,,,
$338.04,20210509-1639,,,
$341.06,20210509-1639,,,
$342.33,20210509-1639,,,
$342.33,20210509-1639,,,
$342.33,20210509-1639,,,
$356.95,20210509-1639,,,
$363.34,20210509-1639,,,
$370.80,20210509-1639,,,
$373.53,20210509-1639,,,
$375.47,20210509-1639,,,
$376.76,20210509-1639,,,
$378.57,20210509-1639,,,
$381.67,20210509-1639,,,
$383.33,20210509-1639,,,
$385.16,20210509-1639,,,
$388.08,20210509-1639,,,
$391.02,20210509-1639,,,
$333.11,20210509-1709,,,
$333.12,20210509-1709,,,
$333.61,20210509-1709,,,
$333.65,20210509-1709,,,
$334.16,20210509-1709,,,
$340.09,20210509-1709,,,
$340.21,20210509-1709,,,
$340.25,20210509-1709,,,
$340.28,20210509-1709,,,
$340.32,20210509-1709,,,
$340.35,20210509-1709,,,
$345.92,20210509-1709,,,
$345.92,20210509-1709,,,
$345.92,20210509-1709,,,
$360.05,20210509-1709,,,
$366.63,20210509-1709,,,
$373.56,20210509-1709,,,
$376.29,20210509-1709,,,
$379.92,20210509-1709,,,
$381.95,20210509-1709,,,
$385.67,20210509-1709,,,
$386.08,20210509-1709,,,
$388.35,20210509-1709,,,
$391.28,20210509-1709,,,
$329.73,20210509-1802,,,
$329.77,20210509-1802,,,
$329.88,20210509-1802,,,
$329.96,20210509-1802,,,
$331.72,20210509-1802,,,
$336.18,20210509-1802,,,
$336.30,20210509-1802,,,
$336.34,20210509-1802,,,
$336.36,20210509-1802,,,
$336.41,20210509-1802,,,
$336.43,20210509-1802,,,
$344.14,20210509-1802,,,
$344.14,20210509-1802,,,
$344.14,20210509-1802,,,
$357.07,20210509-1802,,,
$363.85,20210509-1802,,,
$369.67,20210509-1802,,,
$372.33,20210509-1802,,,
$376.59,20210509-1802,,,
$378.94,20210509-1802,,,
$381.88,20210509-1802,,,
$383.68,20210509-1802,,,
$384.87,20210509-1802,,,
$387.75,20210509-1802,,,
$327.61,20210509-1832,,,
$328.17,20210509-1832,,,
$328.21,20210509-1832,,,
$330.37,20210509-1832,,,
$334.00,20210509-1832,,,
$334.12,20210509-1832,,,
$334.16,20210509-1832,,,
$334.18,20210509-1832,,,
$334.23,20210509-1832,,,
$334.26,20210509-1832,,,
$343.16,20210509-1832,,,
$343.16,20210509-1832,,,
$343.16,20210509-1832,,,
$355.43,20210509-1832,,,
$362.31,20210509-1832,,,
$367.51,20210509-1832,,,
$370.14,20210509-1832,,,
$374.75,20210509-1832,,,
$377.28,20210509-1832,,,
$379.55,20210509-1832,,,
$382.59,20210509-1832,,,
$382.95,20210509-1832,,,
$385.79,20210509-1832,,,
$388.35,20210509-1832,,,
$325.28,20210509-1902,,,
$326.28,20210509-1902,,,
$326.28,20210509-1902,,,
$328.84,20210509-1902,,,
$331.65,20210509-1902,,,
$331.77,20210509-1902,,,
$331.80,20210509-1902,,,
$331.83,20210509-1902,,,
$331.88,20210509-1902,,,
$331.90,20210509-1902,,,
$341.99,20210509-1902,,,
$341.99,20210509-1902,,,
$341.99,20210509-1902,,,
$353.59,20210509-1902,,,
$360.57,20210509-1902,,,
$365.14,20210509-1902,,,
$367.74,20210509-1902,,,
$372.70,20210509-1902,,,
$375.41,20210509-1902,,,
$377.01,20210509-1902,,,
$380.81,20210509-1902,,,
$381.29,20210509-1902,,,
$383.63,20210509-1902,,,
$384.85,20210509-1902,,,
$324.19,20210509-1932,,,
$325.61,20210509-1932,,,
$325.65,20210509-1932,,,
$328.56,20210509-1932,,,
$330.57,20210509-1932,,,
$330.69,20210509-1932,,,
$330.72,20210509-1932,,,
$330.75,20210509-1932,,,
$330.80,20210509-1932,,,
$330.82,20210509-1932,,,
$342.13,20210509-1932,,,
$342.13,20210509-1932,,,
$342.13,20210509-1932,,,
$353.11,20210509-1932,,,
$360.22,20210509-1932,,,
$364.19,20210509-1932,,,
$366.76,20210509-1932,,,
$372.09,20210509-1932,,,
$374.98,20210509-1932,,,
$375.92,20210509-1932,,,
$380.13,20210509-1932,,,
$380.14,20210509-1932,,,
$381.44,20210509-1932,,,
$382.93,20210509-1932,,,
$326.05,20210509-2002,,,
$327.89,20210509-2002,,,
$327.97,20210509-2002,,,
$331.28,20210509-2002,,,
$332.48,20210509-2002,,,
$332.61,20210509-2002,,,
$332.64,20210509-2002,,,
$332.67,20210509-2002,,,
$332.72,20210509-2002,,,
$332.74,20210509-2002,,,
$345.39,20210509-2002,,,
$345.39,20210509-2002,,,
$345.39,20210509-2002,,,
$355.83,20210509-2002,,,
$363.14,20210509-2002,,,
$366.53,20210509-2002,,,
$369.10,20210509-2002,,,
$374.85,20210509-2002,,,
$377.96,20210509-2002,,,
$378.24,20210509-2002,,,
$378.84,20210509-2002,,,
$382.91,20210509-2002,,,
$385.07,20210509-2002,,,
$385.72,20210509-2002,,,
$324.89,20210509-2032,,,
$325.01,20210509-2032,,,
$328.67,20210509-2032,,,
$329.05,20210509-2032,,,
$329.17,20210509-2032,,,
$329.21,20210509-2032,,,
$329.23,20210509-2032,,,
$329.28,20210509-2032,,,
$329.31,20210509-2032,,,
$343.09,20210509-2032,,,
$343.09,20210509-2032,,,
$343.09,20210509-2032,,,
$352.83,20210509-2032,,,
$360.22,20210509-2032,,,
$362.98,20210509-2032,,,
$365.50,20210509-2032,,,
$371.45,20210509-2032,,,
$371.58,20210509-2032,,,
$374.48,20210509-2032,,,
$374.86,20210509-2032,,,
$379.53,20210509-2032,,,
$381.76,20210509-2032,,,
$382.30,20210509-2032,,,
$382.51,20210509-2032,,,
$324.16,20210509-2132,,,
$324.37,20210509-2132,,,
$327.52,20210509-2132,,,
$327.64,20210509-2132,,,
$327.68,20210509-2132,,,
$327.70,20210509-2132,,,
$327.75,20210509-2132,,,
$327.78,20210509-2132,,,
$328.77,20210509-2132,,,
$344.04,20210509-2132,,,
$344.04,20210509-2132,,,
$344.04,20210509-2132,,,
$352.55,20210509-2132,,,
$360.21,20210509-2132,,,
$361.76,20210509-2132,,,
$362.69,20210509-2132,,,
$364.24,20210509-2132,,,
$371.07,20210509-2132,,,
$373.02,20210509-2132,,,
$374.72,20210509-2132,,,
$378.91,20210509-2132,,,
$379.56,20210509-2132,,,
$381.65,20210509-2132,,,
$383.57,20210509-2132,,,
$326.08,20210509-2202,,,
$326.33,20210509-2202,,,
$329.05,20210509-2202,,,
$329.18,20210509-2202,,,
$329.22,20210509-2202,,,
$329.24,20210509-2202,,,
$329.29,20210509-2202,,,
$329.31,20210509-2202,,,
$331.14,20210509-2202,,,
$346.95,20210509-2202,,,
$346.95,20210509-2202,,,
$346.95,20210509-2202,,,
$354.89,20210509-2202,,,
$360.83,20210509-2202,,,
$362.74,20210509-2202,,,
$363.70,20210509-2202,,,
$366.17,20210509-2202,,,
$373.42,20210509-2202,,,
$374.91,20210509-2202,,,
$377.30,20210509-2202,,,
$381.27,20210509-2202,,,
$384.01,20210509-2202,,,
$386.34,20210509-2202,,,
$386.77,20210509-2202,,,
$321.58,20210509-2332,,,
$329.57,20210509-2332,,,
$329.94,20210509-2332,,,
$331.34,20210509-2332,,,
$331.46,20210509-2332,,,
$331.50,20210509-2332,,,
$331.53,20210509-2332,,,
$331.58,20210509-2332,,,
$331.60,20210509-2332,,,
$335.97,20210509-2332,,,
$352.39,20210509-2332,,,
$353.33,20210509-2332,,,
$353.33,20210509-2332,,,
$353.33,20210509-2332,,,
$359.47,20210509-2332,,,
$366.95,20210509-2332,,,
$367.86,20210509-2332,,,
$369.38,20210509-2332,,,
$377.91,20210509-2332,,,
$377.96,20210509-2332,,,
$382.43,20210509-2332,,,
$385.71,20210509-2332,,,
$386.81,20210509-2332,,,
$388.44,20210509-2332,,,
$325.20,20210510-0002,,,
$325.20,20210510-0002,,,
$332.44,20210510-0002,,,
$332.86,20210510-0002,,,
$333.81,20210510-0002,,,
$333.93,20210510-0002,,,
$333.97,20210510-0002,,,
$334.00,20210510-0002,,,
$334.05,20210510-0002,,,
$334.07,20210510-0002,,,
$339.34,20210510-0002,,,
$351.28,20210510-0002,,,
$357.32,20210510-0002,,,
$357.32,20210510-0002,,,
$357.32,20210510-0002,,,
$362.87,20210510-0002,,,
$369.94,20210510-0002,,,
$371.48,20210510-0002,,,
$372.37,20210510-0002,,,
$380.92,20210510-0002,,,
$381.36,20210510-0002,,,
$386.14,20210510-0002,,,
$386.52,20210510-0002,,,
$389.20,20210510-0002,,,
$320.54,20210510-0032,,,
$323.85,20210510-0032,,,
$323.98,20210510-0032,,,
$324.46,20210510-0032,,,
$324.48,20210510-0032,,,
$324.54,20210510-0032,,,
$324.60,20210510-0032,,,
$324.60,20210510-0032,,,
$330.98,20210510-0032,,,
$331.92,20210510-0032,,,
$332.05,20210510-0032,,,
$332.08,20210510-0032,,,
$332.11,20210510-0032,,,
$332.16,20210510-0032,,,
$332.19,20210510-0032,,,
$332.59,20210510-0032,,,
$338.29,20210510-0032,,,
$345.56,20210510-0032,,,
$356.65,20210510-0032,,,
$356.65,20210510-0032,,,
$356.65,20210510-0032,,,
$361.54,20210510-0032,,,
$368.09,20210510-0032,,,
$370.27,20210510-0032,,,
$325.87,20210510-0102,,,
$326.01,20210510-0102,,,
$326.49,20210510-0102,,,
$326.51,20210510-0102,,,
$326.57,20210510-0102,,,
$327.48,20210510-0102,,,
$327.48,20210510-0102,,,
$333.06,20210510-0102,,,
$333.59,20210510-0102,,,
$333.72,20210510-0102,,,
$333.75,20210510-0102,,,
$333.78,20210510-0102,,,
$333.83,20210510-0102,,,
$333.86,20210510-0102,,,
$335.37,20210510-0102,,,
$340.86,20210510-0102,,,
$343.52,20210510-0102,,,
$359.82,20210510-0102,,,
$359.82,20210510-0102,,,
$359.82,20210510-0102,,,
$364.09,20210510-0102,,,
$370.20,20210510-0102,,,
$372.59,20210510-0102,,,
$373.03,20210510-0102,,,
$308.47,20210510-0132,,,
$316.68,20210510-0132,,,
$320.86,20210510-0132,,,
$324.71,20210510-0132,,,
$324.72,20210510-0132,,,
$324.74,20210510-0132,,,
$324.77,20210510-0132,,,
$324.77,20210510-0132,,,
$324.77,20210510-0132,,,
$324.79,20210510-0132,,,
$324.82,20210510-0132,,,
$324.92,20210510-0132,,,
$324.93,20210510-0132,,,
$326.69,20210510-0132,,,
$327.31,20210510-0132,,,
$327.34,20210510-0132,,,
$327.40,20210510-0132,,,
$329.17,20210510-0132,,,
$329.17,20210510-0132,,,
$333.92,20210510-0132,,,
$334.02,20210510-0132,,,
$334.15,20210510-0132,,,
$334.19,20210510-0132,,,
$334.21,20210510-0132,,,
$316.24,20210510-0202,,,
$320.36,20210510-0202,,,
$324.19,20210510-0202,,,
$324.87,20210510-0202,,,
$324.99,20210510-0202,,,
$325.01,20210510-0202,,,
$325.02,20210510-0202,,,
$325.05,20210510-0202,,,
$325.06,20210510-0202,,,
$325.08,20210510-0202,,,
$325.10,20210510-0202,,,
$325.20,20210510-0202,,,
$326.99,20210510-0202,,,
$327.60,20210510-0202,,,
$327.63,20210510-0202,,,
$327.69,20210510-0202,,,
$330.33,20210510-0202,,,
$333.91,20210510-0202,,,
$334.04,20210510-0202,,,
$334.08,20210510-0202,,,
$334.10,20210510-0202,,,
$334.15,20210510-0202,,,
$334.18,20210510-0202,,,
$334.24,20210510-0202,,,
$309.16,20210510-0232,,,
$314.60,20210510-0232,,,
$318.63,20210510-0232,,,
$322.38,20210510-0232,,,
$323.57,20210510-0232,,,
$324.03,20210510-0232,,,
$324.05,20210510-0232,,,
$324.07,20210510-0232,,,
$324.09,20210510-0232,,,
$324.10,20210510-0232,,,
$324.12,20210510-0232,,,
$324.15,20210510-0232,,,
$324.25,20210510-0232,,,
$326.03,20210510-0232,,,
$326.65,20210510-0232,,,
$326.67,20210510-0232,,,
$326.73,20210510-0232,,,
$330.23,20210510-0232,,,
$330.91,20210510-0232,,,
$332.52,20210510-0232,,,
$332.65,20210510-0232,,,
$332.69,20210510-0232,,,
$332.71,20210510-0232,,,
$332.76,20210510-0232,,,
$288.53,20210510-0332,,,
$311.05,20210510-0332,,,
$314.90,20210510-0332,,,
$318.47,20210510-0332,,,
$320.13,20210510-0332,,,
$320.69,20210510-0332,,,
$321.84,20210510-0332,,,
$321.86,20210510-0332,,,
$321.88,20210510-0332,,,
$321.90,20210510-0332,,,
$321.91,20210510-0332,,,
$321.93,20210510-0332,,,
$321.96,20210510-0332,,,
$322.06,20210510-0332,,,
$323.84,20210510-0332,,,
$324.45,20210510-0332,,,
$324.48,20210510-0332,,,
$324.54,20210510-0332,,,
$329.46,20210510-0332,,,
$329.59,20210510-0332,,,
$329.63,20210510-0332,,,
$329.65,20210510-0332,,,
$329.70,20210510-0332,,,
$329.73,20210510-0332,,,
$287.60,20210510-0402,,,
$308.51,20210510-0402,,,
$312.26,20210510-0402,,,
$313.97,20210510-0402,,,
$315.73,20210510-0402,,,
$318.46,20210510-0402,,,
$319.95,20210510-0402,,,
$319.96,20210510-0402,,,
$319.98,20210510-0402,,,
$320.01,20210510-0402,,,
$320.02,20210510-0402,,,
$320.03,20210510-0402,,,
$320.06,20210510-0402,,,
$320.16,20210510-0402,,,
$321.93,20210510-0402,,,
$322.55,20210510-0402,,,
$322.58,20210510-0402,,,
$322.64,20210510-0402,,,
$327.11,20210510-0402,,,
$327.24,20210510-0402,,,
$327.28,20210510-0402,,,
$327.30,20210510-0402,,,
$327.35,20210510-0402,,,
$327.38,20210510-0402,,,
$307.08,20210510-0432,,,
$308.95,20210510-0432,,,
$310.75,20210510-0432,,,
$314.14,20210510-0432,,,
$317.38,20210510-0432,,,
$319.21,20210510-0432,,,
$319.23,20210510-0432,,,
$319.25,20210510-0432,,,
$319.27,20210510-0432,,,
$319.28,20210510-0432,,,
$319.30,20210510-0432,,,
$319.32,20210510-0432,,,
$319.43,20210510-0432,,,
$321.20,20210510-0432,,,
$321.82,20210510-0432,,,
$321.84,20210510-0432,,,
$321.90,20210510-0432,,,
$325.95,20210510-0432,,,
$326.08,20210510-0432,,,
$326.12,20210510-0432,,,
$326.14,20210510-0432,,,
$326.19,20210510-0432,,,
$326.22,20210510-0432,,,
$328.42,20210510-0432,,,
$307.26,20210510-0502,,,
$312.63,20210510-0502,,,
$315.97,20210510-0502,,,
$319.77,20210510-0502,,,
$321.97,20210510-0502,,,
$321.99,20210510-0502,,,
$322.00,20210510-0502,,,
$322.03,20210510-0502,,,
$322.04,20210510-0502,,,
$322.06,20210510-0502,,,
$322.08,20210510-0502,,,
$322.19,20210510-0502,,,
$323.98,20210510-0502,,,
$324.60,20210510-0502,,,
$324.63,20210510-0502,,,
$324.69,20210510-0502,,,
$328.35,20210510-0502,,,
$328.48,20210510-0502,,,
$328.52,20210510-0502,,,
$328.54,20210510-0502,,,
$328.60,20210510-0502,,,
$328.62,20210510-0502,,,
$331.28,20210510-0502,,,
$332.54,20210510-0502,,,
$288.26,20210510-0532,,,
$299.25,20210510-0532,,,
$308.09,20210510-0532,,,
$311.31,20210510-0532,,,
$315.58,20210510-0532,,,
$318.11,20210510-0532,,,
$318.12,20210510-0532,,,
$318.14,20210510-0532,,,
$318.17,20210510-0532,,,
$318.18,20210510-0532,,,
$318.19,20210510-0532,,,
$318.22,20210510-0532,,,
$318.32,20210510-0532,,,
$320.10,20210510-0532,,,
$320.71,20210510-0532,,,
$320.74,20210510-0532,,,
$320.80,20210510-0532,,,
$324.00,20210510-0532,,,
$324.13,20210510-0532,,,
$324.17,20210510-0532,,,
$324.19,20210510-0532,,,
$324.24,20210510-0532,,,
$324.27,20210510-0532,,,
$327.33,20210510-0532,,,
$288.72,20210510-0602,,,
$294.57,20210510-0602,,,
$306.95,20210510-0602,,,
$310.09,20210510-0602,,,
$314.89,20210510-0602,,,
$317.76,20210510-0602,,,
$317.78,20210510-0602,,,
$317.80,20210510-0602,,,
$317.82,20210510-0602,,,
$317.83,20210510-0602,,,
$317.85,20210510-0602,,,
$317.87,20210510-0602,,,
$317.98,20210510-0602,,,
$319.75,20210510-0602,,,
$320.37,20210510-0602,,,
$320.40,20210510-0602,,,
$320.46,20210510-0602,,,
$323.23,20210510-0602,,,
$323.36,20210510-0602,,,
$323.40,20210510-0602,,,
$323.43,20210510-0602,,,
$323.48,20210510-0602,,,
$323.50,20210510-0602,,,
$327.00,20210510-0602,,,
$287.53,20210510-0632,,,
$288.22,20210510-0632,,,
$304.06,20210510-0632,,,
$307.10,20210510-0632,,,
$312.39,20210510-0632,,,
$315.59,20210510-0632,,,
$315.61,20210510-0632,,,
$315.63,20210510-0632,,,
$315.65,20210510-0632,,,
$315.66,20210510-0632,,,
$315.68,20210510-0632,,,
$315.71,20210510-0632,,,
$315.81,20210510-0632,,,
$317.58,20210510-0632,,,
$318.20,20210510-0632,,,
$318.22,20210510-0632,,,
$318.28,20210510-0632,,,
$320.61,20210510-0632,,,
$320.74,20210510-0632,,,
$320.78,20210510-0632,,,
$320.81,20210510-0632,,,
$320.86,20210510-0632,,,
$320.88,20210510-0632,,,
$324.79,20210510-0632,,,
$282.95,20210510-0702,,,
$282.95,20210510-0702,,,
$297.62,20210510-0702,,,
$300.53,20210510-0702,,,
$306.24,20210510-0702,,,
$309.73,20210510-0702,,,
$309.75,20210510-0702,,,
$309.76,20210510-0702,,,
$309.79,20210510-0702,,,
$309.80,20210510-0702,,,
$309.81,20210510-0702,,,
$309.84,20210510-0702,,,
$309.94,20210510-0702,,,
$311.68,20210510-0702,,,
$312.29,20210510-0702,,,
$312.31,20210510-0702,,,
$312.37,20210510-0702,,,
$314.25,20210510-0702,,,
$314.37,20210510-0702,,,
$314.41,20210510-0702,,,
$314.44,20210510-0702,,,
$314.49,20210510-0702,,,
$314.51,20210510-0702,,,
$318.78,20210510-0702,,,
$281.96,20210510-0732,,,
$294.98,20210510-0732,,,
$297.80,20210510-0732,,,
$303.99,20210510-0732,,,
$307.80,20210510-0732,,,
$307.82,20210510-0732,,,
$307.84,20210510-0732,,,
$307.86,20210510-0732,,,
$307.87,20210510-0732,,,
$307.89,20210510-0732,,,
$307.91,20210510-0732,,,
$308.01,20210510-0732,,,
$309.75,20210510-0732,,,
$310.35,20210510-0732,,,
$310.38,20210510-0732,,,
$310.44,20210510-0732,,,
$311.89,20210510-0732,,,
$312.01,20210510-0732,,,
$312.05,20210510-0732,,,
$312.08,20210510-0732,,,
$312.13,20210510-0732,,,
$312.15,20210510-0732,,,
$316.82,20210510-0732,,,
$322.24,20210510-0732,,,
$285.53,20210510-0802,,,
$297.10,20210510-0802,,,
$299.87,20210510-0802,,,
$306.65,20210510-0802,,,
$310.85,20210510-0802,,,
$310.87,20210510-0802,,,
$310.89,20210510-0802,,,
$310.91,20210510-0802,,,
$310.92,20210510-0802,,,
$310.94,20210510-0802,,,
$310.96,20210510-0802,,,
$311.07,20210510-0802,,,
$312.82,20210510-0802,,,
$313.44,20210510-0802,,,
$313.46,20210510-0802,,,
$313.52,20210510-0802,,,
$314.56,20210510-0802,,,
$314.69,20210510-0802,,,
$314.73,20210510-0802,,,
$314.76,20210510-0802,,,
$314.81,20210510-0802,,,
$314.83,20210510-0802,,,
$319.99,20210510-0802,,,
$326.32,20210510-0802,,,
$286.91,20210510-0832,,,
$296.91,20210510-0832,,,
$299.61,20210510-0832,,,
$305.87,20210510-0832,,,
$306.93,20210510-0832,,,
$311.50,20210510-0832,,,
$311.51,20210510-0832,,,
$311.53,20210510-0832,,,
$311.56,20210510-0832,,,
$311.56,20210510-0832,,,
$311.58,20210510-0832,,,
$311.61,20210510-0832,,,
$311.71,20210510-0832,,,
$313.48,20210510-0832,,,
$314.09,20210510-0832,,,
$314.12,20210510-0832,,,
$314.18,20210510-0832,,,
$314.80,20210510-0832,,,
$314.93,20210510-0832,,,
$314.96,20210510-0832,,,
$314.99,20210510-0832,,,
$315.04,20210510-0832,,,
$315.07,20210510-0832,,,
$320.68,20210510-0832,,,
$289.31,20210510-0902,,,
$289.45,20210510-0902,,,
$297.76,20210510-0902,,,
$300.39,20210510-0902,,,
$306.10,20210510-0902,,,
$308.29,20210510-0902,,,
$313.24,20210510-0902,,,
$313.25,20210510-0902,,,
$313.27,20210510-0902,,,
$313.30,20210510-0902,,,
$313.31,20210510-0902,,,
$313.32,20210510-0902,,,
$313.35,20210510-0902,,,
$313.45,20210510-0902,,,
$315.24,20210510-0902,,,
$315.86,20210510-0902,,,
$315.88,20210510-0902,,,
$315.94,20210510-0902,,,
$316.14,20210510-0902,,,
$316.27,20210510-0902,,,
$316.30,20210510-0902,,,
$316.33,20210510-0902,,,
$316.38,20210510-0902,,,
$316.41,20210510-0902,,,
$289.14,20210510-0932,,,
$289.54,20210510-0932,,,
$295.94,20210510-0932,,,
$298.49,20210510-0932,,,
$303.59,20210510-0932,,,
$306.91,20210510-0932,,,
$312.19,20210510-0932,,,
$312.21,20210510-0932,,,
$312.23,20210510-0932,,,
$312.25,20210510-0932,,,
$312.26,20210510-0932,,,
$312.28,20210510-0932,,,
$312.30,20210510-0932,,,
$312.41,20210510-0932,,,
$314.19,20210510-0932,,,
$314.66,20210510-0932,,,
$314.79,20210510-0932,,,
$314.81,20210510-0932,,,
$314.83,20210510-0932,,,
$314.83,20210510-0932,,,
$314.85,20210510-0932,,,
$314.89,20210510-0932,,,
$314.90,20210510-0932,,,
$314.93,20210510-0932,,,
$281.04,20210510-1002,,,
$289.30,20210510-1002,,,
$289.97,20210510-1002,,,
$294.48,20210510-1002,,,
$296.94,20210510-1002,,,
$301.44,20210510-1002,,,
$305.88,20210510-1002,,,
$311.51,20210510-1002,,,
$311.53,20210510-1002,,,
$311.55,20210510-1002,,,
$311.57,20210510-1002,,,
$311.58,20210510-1002,,,
$311.60,20210510-1002,,,
$311.62,20210510-1002,,,
$311.73,20210510-1002,,,
$313.51,20210510-1002,,,
$313.55,20210510-1002,,,
$313.68,20210510-1002,,,
$313.72,20210510-1002,,,
$313.74,20210510-1002,,,
$313.80,20210510-1002,,,
$313.82,20210510-1002,,,
$314.13,20210510-1002,,,
$314.16,20210510-1002,,,
$279.06,20210510-1032,,,
$287.26,20210510-1032,,,
$288.18,20210510-1032,,,
$290.78,20210510-1032,,,
$293.14,20210510-1032,,,
$297.01,20210510-1032,,,
$302.53,20210510-1032,,,
$308.46,20210510-1032,,,
$308.48,20210510-1032,,,
$308.50,20210510-1032,,,
$308.52,20210510-1032,,,
$308.53,20210510-1032,,,
$308.55,20210510-1032,,,
$308.57,20210510-1032,,,
$308.68,20210510-1032,,,
$310.06,20210510-1032,,,
$310.19,20210510-1032,,,
$310.22,20210510-1032,,,
$310.25,20210510-1032,,,
$310.30,20210510-1032,,,
$310.33,20210510-1032,,,
$310.45,20210510-1032,,,
$311.06,20210510-1032,,,
$311.09,20210510-1032,,,
$276.22,20210510-1102,,,
$284.34,20210510-1102,,,
$285.50,20210510-1102,,,
$286.21,20210510-1102,,,
$288.46,20210510-1102,,,
$291.70,20210510-1102,,,
$298.26,20210510-1102,,,
$304.47,20210510-1102,,,
$304.49,20210510-1102,,,
$304.51,20210510-1102,,,
$304.53,20210510-1102,,,
$304.54,20210510-1102,,,
$304.56,20210510-1102,,,
$304.58,20210510-1102,,,
$304.69,20210510-1102,,,
$305.63,20210510-1102,,,
$305.76,20210510-1102,,,
$305.79,20210510-1102,,,
$305.82,20210510-1102,,,
$305.87,20210510-1102,,,
$305.90,20210510-1102,,,
$306.44,20210510-1102,,,
$307.05,20210510-1102,,,
$307.07,20210510-1102,,,
$288.14,20210510-1132,,,
$288.19,20210510-1132,,,
$288.45,20210510-1132,,,
$289.62,20210510-1132,,,
$290.64,20210510-1132,,,
$293.33,20210510-1132,,,
$301.09,20210510-1132,,,
$307.74,20210510-1132,,,
$307.75,20210510-1132,,,
$307.77,20210510-1132,,,
$307.80,20210510-1132,,,
$307.80,20210510-1132,,,
$307.82,20210510-1132,,,
$307.85,20210510-1132,,,
$307.95,20210510-1132,,,
$308.77,20210510-1132,,,
$308.77,20210510-1132,,,
$308.77,20210510-1132,,,
$308.77,20210510-1132,,,
$308.77,20210510-1132,,,
$308.77,20210510-1132,,,
$309.73,20210510-1132,,,
$310.34,20210510-1132,,,
$310.37,20210510-1132,,,
$291.11,20210510-1202,,,
$292.35,20210510-1202,,,
$292.49,20210510-1202,,,
$293.24,20210510-1202,,,
$294.20,20210510-1202,,,
$295.36,20210510-1202,,,
$304.37,20210510-1202,,,
$311.46,20210510-1202,,,
$311.48,20210510-1202,,,
$311.49,20210510-1202,,,
$311.52,20210510-1202,,,
$311.53,20210510-1202,,,
$311.55,20210510-1202,,,
$311.57,20210510-1202,,,
$311.68,20210510-1202,,,
$313.38,20210510-1202,,,
$313.38,20210510-1202,,,
$313.38,20210510-1202,,,
$313.38,20210510-1202,,,
$313.38,20210510-1202,,,
$313.38,20210510-1202,,,
$313.48,20210510-1202,,,
$314.11,20210510-1202,,,
$314.13,20210510-1202,,,
$289.35,20210510-1232,,,
$291.40,20210510-1232,,,
$292.16,20210510-1232,,,
$292.38,20210510-1232,,,
$292.91,20210510-1232,,,
$294.36,20210510-1232,,,
$303.05,20210510-1232,,,
$310.48,20210510-1232,,,
$310.50,20210510-1232,,,
$310.51,20210510-1232,,,
$310.54,20210510-1232,,,
$310.55,20210510-1232,,,
$310.57,20210510-1232,,,
$310.59,20210510-1232,,,
$310.70,20210510-1232,,,
$312.50,20210510-1232,,,
$313.12,20210510-1232,,,
$313.15,20210510-1232,,,
$313.21,20210510-1232,,,
$313.27,20210510-1232,,,
$313.27,20210510-1232,,,
$313.27,20210510-1232,,,
$313.27,20210510-1232,,,
$313.27,20210510-1232,,,
$286.75,20210510-1302,,,
$288.71,20210510-1302,,,
$289.60,20210510-1302,,,
$291.12,20210510-1302,,,
$291.42,20210510-1302,,,
$293.65,20210510-1302,,,
$300.83,20210510-1302,,,
$308.59,20210510-1302,,,
$308.61,20210510-1302,,,
$308.62,20210510-1302,,,
$308.65,20210510-1302,,,
$308.66,20210510-1302,,,
$308.68,20210510-1302,,,
$308.70,20210510-1302,,,
$308.81,20210510-1302,,,
$310.60,20210510-1302,,,
$311.23,20210510-1302,,,
$311.25,20210510-1302,,,
$311.31,20210510-1302,,,
$312.24,20210510-1302,,,
$312.24,20210510-1302,,,
$312.24,20210510-1302,,,
$312.24,20210510-1302,,,
$312.24,20210510-1302,,,
$286.02,20210510-1332,,,
$287.90,20210510-1332,,,
$288.19,20210510-1332,,,
$291.97,20210510-1332,,,
$292.37,20210510-1332,,,
$294.86,20210510-1332,,,
$300.59,20210510-1332,,,
$308.72,20210510-1332,,,
$308.74,20210510-1332,,,
$308.75,20210510-1332,,,
$308.78,20210510-1332,,,
$308.79,20210510-1332,,,
$308.81,20210510-1332,,,
$308.83,20210510-1332,,,
$308.94,20210510-1332,,,
$310.74,20210510-1332,,,
$311.37,20210510-1332,,,
$311.39,20210510-1332,,,
$311.45,20210510-1332,,,
$313.25,20210510-1332,,,
$313.25,20210510-1332,,,
$313.25,20210510-1332,,,
$313.25,20210510-1332,,,
$313.25,20210510-1332,,,
$282.22,20210510-1402,,,
$283.68,20210510-1402,,,
$284.00,20210510-1402,,,
$289.68,20210510-1402,,,
$290.16,20210510-1402,,,
$292.89,20210510-1402,,,
$297.11,20210510-1402,,,
$305.52,20210510-1402,,,
$305.54,20210510-1402,,,
$305.56,20210510-1402,,,
$305.58,20210510-1402,,,
$305.59,20210510-1402,,,
$305.61,20210510-1402,,,
$305.63,20210510-1402,,,
$305.74,20210510-1402,,,
$307.52,20210510-1402,,,
$308.15,20210510-1402,,,
$308.17,20210510-1402,,,
$308.23,20210510-1402,,,
$310.88,20210510-1402,,,
$310.88,20210510-1402,,,
$310.88,20210510-1402,,,
$310.88,20210510-1402,,,
$310.88,20210510-1402,,,
$280.21,20210510-1432,,,
$280.97,20210510-1432,,,
$281.90,20210510-1432,,,
$289.21,20210510-1432,,,
$289.78,20210510-1432,,,
$292.77,20210510-1432,,,
$295.51,20210510-1432,,,
$304.26,20210510-1432,,,
$304.28,20210510-1432,,,
$304.29,20210510-1432,,,
$304.32,20210510-1432,,,
$304.33,20210510-1432,,,
$304.34,20210510-1432,,,
$304.37,20210510-1432,,,
$304.47,20210510-1432,,,
$306.26,20210510-1432,,,
$306.88,20210510-1432,,,
$306.91,20210510-1432,,,
$306.97,20210510-1432,,,
$310.48,20210510-1432,,,
$310.48,20210510-1432,,,
$310.48,20210510-1432,,,
$310.48,20210510-1432,,,
$310.48,20210510-1432,,,
$268.65,20210510-1502,,,
$268.68,20210510-1502,,,
$268.72,20210510-1502,,,
$268.74,20210510-1502,,,
$268.78,20210510-1502,,,
$268.82,20210510-1502,,,
$278.82,20210510-1502,,,
$280.34,20210510-1502,,,
$289.31,20210510-1502,,,
$289.96,20210510-1502,,,
$293.21,20210510-1502,,,
$294.48,20210510-1502,,,
$303.58,20210510-1502,,,
$303.60,20210510-1502,,,
$303.62,20210510-1502,,,
$303.64,20210510-1502,,,
$303.65,20210510-1502,,,
$303.67,20210510-1502,,,
$303.70,20210510-1502,,,
$303.80,20210510-1502,,,
$305.59,20210510-1502,,,
$306.21,20210510-1502,,,
$306.23,20210510-1502,,,
$306.29,20210510-1502,,,
$265.71,20210510-1532,,,
$265.73,20210510-1532,,,
$265.77,20210510-1532,,,
$265.80,20210510-1532,,,
$265.84,20210510-1532,,,
$265.87,20210510-1532,,,
$274.78,20210510-1532,,,
$276.90,20210510-1532,,,
$287.44,20210510-1532,,,
$288.17,20210510-1532,,,
$291.47,20210510-1532,,,
$291.66,20210510-1532,,,
$300.85,20210510-1532,,,
$300.87,20210510-1532,,,
$300.89,20210510-1532,,,
$300.91,20210510-1532,,,
$300.92,20210510-1532,,,
$300.94,20210510-1532,,,
$300.96,20210510-1532,,,
$301.07,20210510-1532,,,
$302.84,20210510-1532,,,
$303.46,20210510-1532,,,
$303.49,20210510-1532,,,
$303.55,20210510-1532,,,
$258.28,20210510-1602,,,
$258.31,20210510-1602,,,
$258.34,20210510-1602,,,
$258.37,20210510-1602,,,
$258.41,20210510-1602,,,
$258.44,20210510-1602,,,
$266.14,20210510-1602,,,
$268.80,20210510-1602,,,
$280.68,20210510-1602,,,
$281.47,20210510-1602,,,
$283.53,20210510-1602,,,
$285.14,20210510-1602,,,
$293.03,20210510-1602,,,
$293.05,20210510-1602,,,
$293.06,20210510-1602,,,
$293.09,20210510-1602,,,
$293.10,20210510-1602,,,
$293.11,20210510-1602,,,
$293.14,20210510-1602,,,
$293.24,20210510-1602,,,
$294.97,20210510-1602,,,
$295.58,20210510-1602,,,
$295.60,20210510-1602,,,
$295.66,20210510-1602,,,
$251.54,20210510-1632,,,
$251.56,20210510-1632,,,
$251.60,20210510-1632,,,
$251.62,20210510-1632,,,
$251.66,20210510-1632,,,
$251.70,20210510-1632,,,
$258.25,20210510-1632,,,
$261.42,20210510-1632,,,
$274.60,20210510-1632,,,
$275.47,20210510-1632,,,
$275.61,20210510-1632,,,
$276.33,20210510-1632,,,
$285.95,20210510-1632,,,
$285.97,20210510-1632,,,
$285.99,20210510-1632,,,
$286.01,20210510-1632,,,
$286.02,20210510-1632,,,
$286.04,20210510-1632,,,
$286.06,20210510-1632,,,
$286.16,20210510-1632,,,
$287.86,20210510-1632,,,
$288.45,20210510-1632,,,
$288.47,20210510-1632,,,
$288.53,20210510-1632,,,
$248.12,20210510-1702,,,
$248.14,20210510-1702,,,
$248.18,20210510-1702,,,
$248.20,20210510-1702,,,
$248.24,20210510-1702,,,
$248.28,20210510-1702,,,
$253.80,20210510-1702,,,
$257.51,20210510-1702,,,
$272.12,20210510-1702,,,
$272.77,20210510-1702,,,
$273.06,20210510-1702,,,
$273.85,20210510-1702,,,
$282.64,20210510-1702,,,
$282.66,20210510-1702,,,
$282.67,20210510-1702,,,
$282.70,20210510-1702,,,
$282.70,20210510-1702,,,
$282.72,20210510-1702,,,
$282.75,20210510-1702,,,
$282.84,20210510-1702,,,
$284.53,20210510-1702,,,
$285.11,20210510-1702,,,
$285.13,20210510-1702,,,
$285.19,20210510-1702,,,
$251.90,20210510-1732,,,
$251.92,20210510-1732,,,
$251.96,20210510-1732,,,
$251.99,20210510-1732,,,
$252.02,20210510-1732,,,
$252.06,20210510-1732,,,
$256.70,20210510-1732,,,
$261.06,20210510-1732,,,
$277.13,20210510-1732,,,
$277.54,20210510-1732,,,
$278.58,20210510-1732,,,
$280.05,20210510-1732,,,
$287.53,20210510-1732,,,
$287.55,20210510-1732,,,
$287.56,20210510-1732,,,
$287.59,20210510-1732,,,
$287.60,20210510-1732,,,
$287.61,20210510-1732,,,
$287.64,20210510-1732,,,
$287.74,20210510-1732,,,
$289.45,20210510-1732,,,
$290.05,20210510-1732,,,
$290.08,20210510-1732,,,
$290.13,20210510-1732,,,
$253.62,20210510-1802,,,
$253.65,20210510-1802,,,
$253.68,20210510-1802,,,
$253.72,20210510-1802,,,
$257.40,20210510-1802,,,
$262.41,20210510-1802,,,
$279.17,20210510-1802,,,
$280.68,20210510-1802,,,
$281.64,20210510-1802,,,
$281.81,20210510-1802,,,
$283.97,20210510-1802,,,
$290.02,20210510-1802,,,
$290.04,20210510-1802,,,
$290.06,20210510-1802,,,
$290.08,20210510-1802,,,
$290.09,20210510-1802,,,
$290.11,20210510-1802,,,
$290.13,20210510-1802,,,
$290.23,20210510-1802,,,
$291.97,20210510-1802,,,
$292.57,20210510-1802,,,
$292.60,20210510-1802,,,
$292.66,20210510-1802,,,
$297.43,20210510-1802,,,
$253.05,20210510-1832,,,
$253.08,20210510-1832,,,
$253.12,20210510-1832,,,
$253.15,20210510-1832,,,
$255.83,20210510-1832,,,
$261.44,20210510-1832,,,
$278.76,20210510-1832,,,
$281.36,20210510-1832,,,
$281.95,20210510-1832,,,
$282.58,20210510-1832,,,
$285.42,20210510-1832,,,
$289.98,20210510-1832,,,
$289.99,20210510-1832,,,
$290.01,20210510-1832,,,
$290.04,20210510-1832,,,
$290.04,20210510-1832,,,
$290.06,20210510-1832,,,
$290.09,20210510-1832,,,
$290.19,20210510-1832,,,
$291.93,20210510-1832,,,
$292.53,20210510-1832,,,
$292.56,20210510-1832,,,
$292.62,20210510-1832,,,
$296.56,20210510-1832,,,
$240.61,20210510-1902,,,
$240.63,20210510-1902,,,
$240.64,20210510-1902,,,
$241.74,20210510-1902,,,
$241.75,20210510-1902,,,
$241.80,20210510-1902,,,
$251.88,20210510-1902,,,
$251.91,20210510-1902,,,
$251.95,20210510-1902,,,
$251.99,20210510-1902,,,
$253.66,20210510-1902,,,
$259.86,20210510-1902,,,
$277.68,20210510-1902,,,
$281.38,20210510-1902,,,
$281.59,20210510-1902,,,
$282.69,20210510-1902,,,
$286.20,20210510-1902,,,
$289.24,20210510-1902,,,
$289.26,20210510-1902,,,
$289.28,20210510-1902,,,
$289.30,20210510-1902,,,
$289.31,20210510-1902,,,
$289.33,20210510-1902,,,
$289.35,20210510-1902,,,
$233.18,20210510-1932,,,
$233.19,20210510-1932,,,
$233.21,20210510-1932,,,
$234.28,20210510-1932,,,
$234.29,20210510-1932,,,
$234.34,20210510-1932,,,
$244.59,20210510-1932,,,
$244.62,20210510-1932,,,
$244.65,20210510-1932,,,
$244.69,20210510-1932,,,
$245.34,20210510-1932,,,
$251.96,20210510-1932,,,
$269.85,20210510-1932,,,
$274.36,20210510-1932,,,
$274.53,20210510-1932,,,
$275.89,20210510-1932,,,
$279.97,20210510-1932,,,
$281.46,20210510-1932,,,
$281.48,20210510-1932,,,
$281.50,20210510-1932,,,
$281.52,20210510-1932,,,
$281.53,20210510-1932,,,
$281.55,20210510-1932,,,
$281.57,20210510-1932,,,
$232.68,20210510-2002,,,
$232.70,20210510-2002,,,
$233.77,20210510-2002,,,
$233.79,20210510-2002,,,
$233.84,20210510-2002,,,
$244.31,20210510-2002,,,
$244.57,20210510-2002,,,
$244.61,20210510-2002,,,
$244.65,20210510-2002,,,
$251.54,20210510-2002,,,
$270.01,20210510-2002,,,
$275.25,20210510-2002,,,
$275.79,20210510-2002,,,
$277.23,20210510-2002,,,
$282.00,20210510-2002,,,
$282.01,20210510-2002,,,
$282.03,20210510-2002,,,
$282.05,20210510-2002,,,
$282.07,20210510-2002,,,
$282.08,20210510-2002,,,
$282.10,20210510-2002,,,
$282.12,20210510-2002,,,
$282.22,20210510-2002,,,
$283.93,20210510-2002,,,
$234.88,20210510-2032,,,
$234.89,20210510-2032,,,
$235.98,20210510-2032,,,
$236.00,20210510-2032,,,
$246.11,20210510-2032,,,
$247.39,20210510-2032,,,
$247.43,20210510-2032,,,
$247.46,20210510-2032,,,
$254.05,20210510-2032,,,
$273.33,20210510-2032,,,
$279.37,20210510-2032,,,
$280.29,20210510-2032,,,
$281.80,20210510-2032,,,
$281.85,20210510-2032,,,
$285.87,20210510-2032,,,
$285.89,20210510-2032,,,
$285.90,20210510-2032,,,
$285.93,20210510-2032,,,
$285.94,20210510-2032,,,
$285.95,20210510-2032,,,
$285.98,20210510-2032,,,
$286.08,20210510-2032,,,
$287.36,20210510-2032,,,
$287.81,20210510-2032,,,
$226.20,20210510-2102,,,
$226.22,20210510-2102,,,
$227.28,20210510-2102,,,
$236.53,20210510-2102,,,
$238.74,20210510-2102,,,
$238.78,20210510-2102,,,
$238.82,20210510-2102,,,
$244.80,20210510-2102,,,
$263.99,20210510-2102,,,
$270.54,20210510-2102,,,
$271.80,20210510-2102,,,
$272.94,20210510-2102,,,
$273.39,20210510-2102,,,
$276.48,20210510-2102,,,
$276.49,20210510-2102,,,
$276.51,20210510-2102,,,
$276.53,20210510-2102,,,
$276.54,20210510-2102,,,
$276.56,20210510-2102,,,
$276.58,20210510-2102,,,
$276.68,20210510-2102,,,
$278.36,20210510-2102,,,
$278.78,20210510-2102,,,
$278.95,20210510-2102,,,
$232.71,20210510-2132,,,
$235.88,20210510-2132,,,
$235.91,20210510-2132,,,
$235.95,20210510-2132,,,
$241.49,20210510-2132,,,
$261.03,20210510-2132,,,
$268.22,20210510-2132,,,
$269.84,20210510-2132,,,
$270.64,20210510-2132,,,
$271.50,20210510-2132,,,
$273.75,20210510-2132,,,
$273.77,20210510-2132,,,
$273.79,20210510-2132,,,
$273.81,20210510-2132,,,
$273.82,20210510-2132,,,
$273.83,20210510-2132,,,
$273.86,20210510-2132,,,
$273.96,20210510-2132,,,
$275.23,20210510-2132,,,
$275.63,20210510-2132,,,
$276.21,20210510-2132,,,
$276.23,20210510-2132,,,
$276.29,20210510-2132,,,
$278.10,20210510-2132,,,
$231.39,20210510-2202,,,
$232.71,20210510-2202,,,
$236.89,20210510-2202,,,
$236.93,20210510-2202,,,
$236.96,20210510-2202,,,
$242.15,20210510-2202,,,
$262.36,20210510-2202,,,
$270.31,20210510-2202,,,
$272.31,20210510-2202,,,
$272.80,20210510-2202,,,
$274.07,20210510-2202,,,
$275.53,20210510-2202,,,
$275.55,20210510-2202,,,
$275.56,20210510-2202,,,
$275.59,20210510-2202,,,
$275.60,20210510-2202,,,
$275.61,20210510-2202,,,
$275.64,20210510-2202,,,
$275.73,20210510-2202,,,
$276.21,20210510-2202,,,
$277.42,20210510-2202,,,
$278.01,20210510-2202,,,
$278.04,20210510-2202,,,
$278.09,20210510-2202,,,
$230.49,20210510-2232,,,
$231.37,20210510-2232,,,
$235.65,20210510-2232,,,
$235.68,20210510-2232,,,
$235.72,20210510-2232,,,
$240.50,20210510-2232,,,
$261.20,20210510-2232,,,
$269.84,20210510-2232,,,
$272.21,20210510-2232,,,
$272.37,20210510-2232,,,
$274.05,20210510-2232,,,
$274.56,20210510-2232,,,
$274.69,20210510-2232,,,
$274.71,20210510-2232,,,
$274.73,20210510-2232,,,
$274.75,20210510-2232,,,
$274.76,20210510-2232,,,
$274.77,20210510-2232,,,
$274.80,20210510-2232,,,
$274.90,20210510-2232,,,
$276.58,20210510-2232,,,
$277.17,20210510-2232,,,
$277.20,20210510-2232,,,
$277.25,20210510-2232,,,
$226.74,20210510-2302,,,
$229.76,20210510-2302,,,
$229.80,20210510-2302,,,
$234.08,20210510-2302,,,
$254.85,20210510-2302,,,
$263.99,20210510-2302,,,
$266.51,20210510-2302,,,
$266.67,20210510-2302,,,
$267.46,20210510-2302,,,
$268.39,20210510-2302,,,
$268.40,20210510-2302,,,
$268.42,20210510-2302,,,
$268.44,20210510-2302,,,
$268.45,20210510-2302,,,
$268.47,20210510-2302,,,
$268.49,20210510-2302,,,
$268.55,20210510-2302,,,
$268.59,20210510-2302,,,
$270.24,20210510-2302,,,
$270.82,20210510-2302,,,
$270.84,20210510-2302,,,
$270.90,20210510-2302,,,
$277.01,20210510-2302,,,
$287.74,20210510-2302,,,
$227.20,20210510-2332,,,
$227.24,20210510-2332,,,
$231.10,20210510-2332,,,
$252.22,20210510-2332,,,
$261.99,20210510-2332,,,
$264.28,20210510-2332,,,
$264.53,20210510-2332,,,
$265.01,20210510-2332,,,
$266.00,20210510-2332,,,
$266.02,20210510-2332,,,
$266.03,20210510-2332,,,
$266.05,20210510-2332,,,
$266.06,20210510-2332,,,
$266.08,20210510-2332,,,
$266.10,20210510-2332,,,
$266.20,20210510-2332,,,
$266.96,20210510-2332,,,
$267.84,20210510-2332,,,
$268.41,20210510-2332,,,
$268.44,20210510-2332,,,
$268.49,20210510-2332,,,
$276.00,20210510-2332,,,
$286.03,20210510-2332,,,
$287.93,20210510-2332,,,
$232.04,20210511-0002,,,
$253.87,20210511-0002,,,
$264.43,20210511-0002,,,
$265.58,20210511-0002,,,
$267.04,20210511-0002,,,
$267.85,20210511-0002,,,
$268.13,20210511-0002,,,
$268.14,20210511-0002,,,
$268.16,20210511-0002,,,
$268.18,20210511-0002,,,
$268.19,20210511-0002,,,
$268.21,20210511-0002,,,
$268.23,20210511-0002,,,
$268.33,20210511-0002,,,
$269.90,20210511-0002,,,
$269.99,20210511-0002,,,
$270.57,20210511-0002,,,
$270.59,20210511-0002,,,
$270.65,20210511-0002,,,
$279.68,20210511-0002,,,
$289.18,20210511-0002,,,
$291.11,20210511-0002,,,
$308.46,20210511-0002,,,
$308.49,20210511-0002,,,
$233.49,20210511-0032,,,
$233.50,20210511-0032,,,
$233.51,20210511-0032,,,
$233.51,20210511-0032,,,
$233.52,20210511-0032,,,
$233.53,20210511-0032,,,
$233.54,20210511-0032,,,
$266.49,20210511-0032,,,
$266.50,20210511-0032,,,
$269.18,20210511-0032,,,
$269.89,20210511-0032,,,
$272.47,20210511-0032,,,
$272.47,20210511-0032,,,
$272.47,20210511-0032,,,
$272.47,20210511-0032,,,
$272.47,20210511-0032,,,
$282.99,20210511-0032,,,
$291.93,20210511-0032,,,
$293.88,20210511-0032,,,
$311.40,20210511-0032,,,
$311.40,20210511-0032,,,
$327.47,20210511-0032,,,
$342.15,20210511-0032,,,
$342.15,20210511-0032,,,
$234.54,20210511-0102,,,
$234.55,20210511-0102,,,
$234.56,20210511-0102,,,
$234.56,20210511-0102,,,
$234.57,20210511-0102,,,
$234.58,20210511-0102,,,
$234.59,20210511-0102,,,
$234.60,20210511-0102,,,
$235.00,20210511-0102,,,
$266.70,20210511-0102,,,
$267.90,20210511-0102,,,
$270.63,20210511-0102,,,
$270.94,20210511-0102,,,
$274.36,20210511-0102,,,
$274.36,20210511-0102,,,
$274.36,20210511-0102,,,
$274.36,20210511-0102,,,
$274.36,20210511-0102,,,
$285.60,20210511-0102,,,
$293.95,20210511-0102,,,
$295.91,20210511-0102,,,
$313.55,20210511-0102,,,
$313.55,20210511-0102,,,
$329.33,20210511-0102,,,
$233.45,20210511-0132,,,
$233.46,20210511-0132,,,
$233.47,20210511-0132,,,
$233.48,20210511-0132,,,
$233.48,20210511-0132,,,
$233.49,20210511-0132,,,
$233.50,20210511-0132,,,
$234.06,20210511-0132,,,
$242.45,20210511-0132,,,
$264.47,20210511-0132,,,
$266.85,20210511-0132,,,
$269.62,20210511-0132,,,
$269.83,20210511-0132,,,
$273.74,20210511-0132,,,
$273.74,20210511-0132,,,
$273.74,20210511-0132,,,
$273.74,20210511-0132,,,
$273.74,20210511-0132,,,
$273.74,20210511-0132,,,
$285.61,20210511-0132,,,
$293.29,20210511-0132,,,
$295.25,20210511-0132,,,
$312.84,20210511-0132,,,
$312.84,20210511-0132,,,
$231.54,20210511-0202,,,
$231.55,20210511-0202,,,
$231.56,20210511-0202,,,
$231.57,20210511-0202,,,
$231.58,20210511-0202,,,
$232.30,20210511-0202,,,
$241.05,20210511-0202,,,
$252.71,20210511-0202,,,
$261.32,20210511-0202,,,
$264.86,20210511-0202,,,
$267.65,20210511-0202,,,
$268.27,20210511-0202,,,
$272.15,20210511-0202,,,
$272.15,20210511-0202,,,
$272.15,20210511-0202,,,
$272.15,20210511-0202,,,
$272.15,20210511-0202,,,
$272.15,20210511-0202,,,
$284.61,20210511-0202,,,
$291.59,20210511-0202,,,
$311.03,20210511-0202,,,
$311.03,20210511-0202,,,
$325.87,20210511-0202,,,
$341.75,20210511-0202,,,
$234.14,20210511-0232,,,
$234.14,20210511-0232,,,
$234.16,20210511-0232,,,
$234.17,20210511-0232,,,
$234.18,20210511-0232,,,
$235.07,20210511-0232,,,
$244.35,20210511-0232,,,
$263.26,20210511-0232,,,
$268.03,20210511-0232,,,
$270.91,20210511-0232,,,
$271.94,20210511-0232,,,
$275.88,20210511-0232,,,
$275.88,20210511-0232,,,
$275.88,20210511-0232,,,
$275.88,20210511-0232,,,
$275.88,20210511-0232,,,
$275.88,20210511-0232,,,
$289.16,20210511-0232,,,
$295.59,20210511-0232,,,
$315.29,20210511-0232,,,
$315.29,20210511-0232,,,
$329.93,20210511-0232,,,
$346.43,20210511-0232,,,
$346.43,20210511-0232,,,
$234.84,20210511-0302,,,
$234.85,20210511-0302,,,
$234.87,20210511-0302,,,
$234.87,20210511-0302,,,
$234.88,20210511-0302,,,
$235.95,20210511-0302,,,
$245.69,20210511-0302,,,
$263.05,20210511-0302,,,
$269.05,20210511-0302,,,
$271.98,20210511-0302,,,
$273.43,20210511-0302,,,
$277.39,20210511-0302,,,
$277.39,20210511-0302,,,
$277.39,20210511-0302,,,
$277.39,20210511-0302,,,
$277.39,20210511-0302,,,
$277.39,20210511-0302,,,
$291.41,20210511-0302,,,
$297.21,20210511-0302,,,
$317.02,20210511-0302,,,
$317.02,20210511-0302,,,
$331.32,20210511-0302,,,
$348.33,20210511-0302,,,
$348.33,20210511-0302,,,
$233.03,20210511-0332,,,
$233.03,20210511-0332,,,
$233.05,20210511-0332,,,
$233.05,20210511-0332,,,
$233.07,20210511-0332,,,
$234.29,20210511-0332,,,
$260.02,20210511-0332,,,
$267.17,20210511-0332,,,
$270.13,20210511-0332,,,
$271.98,20210511-0332,,,
$275.93,20210511-0332,,,
$275.93,20210511-0332,,,
$275.93,20210511-0332,,,
$275.93,20210511-0332,,,
$275.93,20210511-0332,,,
$275.93,20210511-0332,,,
$290.52,20210511-0332,,,
$295.63,20210511-0332,,,
$315.34,20210511-0332,,,
$315.34,20210511-0332,,,
$329.16,20210511-0332,,,
$346.48,20210511-0332,,,
$346.48,20210511-0332,,,
$346.48,20210511-0332,,,
$234.32,20210511-0402,,,
$234.32,20210511-0402,,,
$234.34,20210511-0402,,,
$234.34,20210511-0402,,,
$234.36,20210511-0402,,,
$235.76,20210511-0402,,,
$260.45,20210511-0402,,,
$268.86,20210511-0402,,,
$271.88,20210511-0402,,,
$274.17,20210511-0402,,,
$278.14,20210511-0402,,,
$278.14,20210511-0402,,,
$278.14,20210511-0402,,,
$278.14,20210511-0402,,,
$278.14,20210511-0402,,,
$278.14,20210511-0402,,,
$293.51,20210511-0402,,,
$298.01,20210511-0402,,,
$317.87,20210511-0402,,,
$317.87,20210511-0402,,,
$331.38,20210511-0402,,,
$349.26,20210511-0402,,,
$349.26,20210511-0402,,,
$349.26,20210511-0402,,,
$231.55,20210511-0432,,,
$231.56,20210511-0432,,,
$231.57,20210511-0432,,,
$231.58,20210511-0432,,,
$231.59,20210511-0432,,,
$233.14,20210511-0432,,,
$256.37,20210511-0432,,,
$265.90,20210511-0432,,,
$268.93,20210511-0432,,,
$271.60,20210511-0432,,,
$275.54,20210511-0432,,,
$275.54,20210511-0432,,,
$275.54,20210511-0432,,,
$275.54,20210511-0432,,,
$275.54,20210511-0432,,,
$275.54,20210511-0432,,,
$291.43,20210511-0432,,,
$295.22,20210511-0432,,,
$314.90,20210511-0432,,,
$314.90,20210511-0432,,,
$326.71,20210511-0432,,,
$327.88,20210511-0432,,,
$346.00,20210511-0432,,,
$346.00,20210511-0432,,,
$229.97,20210511-0502,,,
$229.98,20210511-0502,,,
$230.00,20210511-0502,,,
$230.00,20210511-0502,,,
$230.01,20210511-0502,,,
$231.72,20210511-0502,,,
$254.75,20210511-0502,,,
$264.29,20210511-0502,,,
$267.35,20210511-0502,,,
$270.42,20210511-0502,,,
$274.34,20210511-0502,,,
$274.34,20210511-0502,,,
$274.34,20210511-0502,,,
$274.34,20210511-0502,,,
$274.34,20210511-0502,,,
$274.34,20210511-0502,,,
$290.81,20210511-0502,,,
$293.94,20210511-0502,,,
$313.53,20210511-0502,,,
$313.53,20210511-0502,,,
$325.29,20210511-0502,,,
$326.04,20210511-0502,,,
$344.49,20210511-0502,,,
$344.49,20210511-0502,,,
$231.02,20210511-0532,,,
$231.04,20210511-0532,,,
$231.05,20210511-0532,,,
$231.06,20210511-0532,,,
$232.94,20210511-0532,,,
$256.54,20210511-0532,,,
$265.70,20210511-0532,,,
$268.83,20210511-0532,,,
$272.33,20210511-0532,,,
$276.27,20210511-0532,,,
$276.27,20210511-0532,,,
$276.27,20210511-0532,,,
$276.27,20210511-0532,,,
$276.27,20210511-0532,,,
$276.27,20210511-0532,,,
$293.52,20210511-0532,,,
$296.01,20210511-0532,,,
$315.74,20210511-0532,,,
$315.74,20210511-0532,,,
$327.58,20210511-0532,,,
$327.93,20210511-0532,,,
$346.92,20210511-0532,,,
$346.92,20210511-0532,,,
$346.92,20210511-0532,,,
$234.58,20210511-0602,,,
$234.59,20210511-0602,,,
$234.60,20210511-0602,,,
$234.61,20210511-0602,,,
$236.70,20210511-0602,,,
$261.14,20210511-0602,,,
$270.00,20210511-0602,,,
$273.22,20210511-0602,,,
$277.20,20210511-0602,,,
$281.22,20210511-0602,,,
$281.22,20210511-0602,,,
$281.22,20210511-0602,,,
$281.22,20210511-0602,,,
$281.22,20210511-0602,,,
$281.22,20210511-0602,,,
$299.45,20210511-0602,,,
$301.31,20210511-0602,,,
$321.40,20210511-0602,,,
$321.40,20210511-0602,,,
$333.38,20210511-0602,,,
$333.45,20210511-0602,,,
$350.58,20210511-0602,,,
$350.62,20210511-0602,,,
$353.13,20210511-0602,,,
$252.53,20210511-0632,,,
$265.02,20210511-0632,,,
$273.55,20210511-0632,,,
$276.86,20210511-0632,,,
$281.33,20210511-0632,,,
$285.40,20210511-0632,,,
$285.40,20210511-0632,,,
$285.40,20210511-0632,,,
$285.40,20210511-0632,,,
$285.40,20210511-0632,,,
$285.40,20210511-0632,,,
$304.58,20210511-0632,,,
$305.79,20210511-0632,,,
$326.17,20210511-0632,,,
$326.17,20210511-0632,,,
$337.92,20210511-0632,,,
$338.41,20210511-0632,,,
$351.55,20210511-0632,,,
$351.59,20210511-0632,,,
$358.38,20210511-0632,,,
$358.38,20210511-0632,,,
$358.38,20210511-0632,,,
$379.18,20210511-0632,,,
$391.43,20210511-0632,,,
$263.00,20210511-0702,,,
$274.33,20210511-0702,,,
$279.18,20210511-0702,,,
$283.23,20210511-0702,,,
$283.23,20210511-0702,,,
$283.23,20210511-0702,,,
$283.23,20210511-0702,,,
$283.23,20210511-0702,,,
$283.23,20210511-0702,,,
$302.93,20210511-0702,,,
$303.46,20210511-0702,,,
$323.69,20210511-0702,,,
$323.69,20210511-0702,,,
$334.92,20210511-0702,,,
$335.83,20210511-0702,,,
$344.66,20210511-0702,,,
$344.70,20210511-0702,,,
$355.66,20210511-0702,,,
$355.66,20210511-0702,,,
$355.66,20210511-0702,,,
$376.29,20210511-0702,,,
$388.69,20210511-0702,,,
$460.17,20210511-0702,,,
$463.28,20210511-0702,,,
$263.17,20210511-0732,,,
$274.54,20210511-0732,,,
$279.83,20210511-0732,,,
$283.88,20210511-0732,,,
$283.88,20210511-0732,,,
$283.88,20210511-0732,,,
$283.88,20210511-0732,,,
$283.88,20210511-0732,,,
$283.88,20210511-0732,,,
$304.16,20210511-0732,,,
$304.30,20210511-0732,,,
$324.44,20210511-0732,,,
$324.44,20210511-0732,,,
$335.27,20210511-0732,,,
$336.60,20210511-0732,,,
$341.22,20210511-0732,,,
$341.26,20210511-0732,,,
$356.47,20210511-0732,,,
$356.47,20210511-0732,,,
$356.47,20210511-0732,,,
$377.16,20210511-0732,,,
$389.83,20210511-0732,,,
$460.81,20210511-0732,,,
$464.35,20210511-0732,,,
$275.07,20210511-0802,,,
$279.06,20210511-0802,,,
$279.06,20210511-0802,,,
$279.06,20210511-0802,,,
$279.06,20210511-0802,,,
$279.06,20210511-0802,,,
$279.06,20210511-0802,,,
$298.99,20210511-0802,,,
$299.80,20210511-0802,,,
$318.92,20210511-0802,,,
$318.92,20210511-0802,,,
$329.16,20210511-0802,,,
$330.88,20210511-0802,,,
$331.27,20210511-0802,,,
$331.31,20210511-0802,,,
$350.41,20210511-0802,,,
$350.41,20210511-0802,,,
$350.41,20210511-0802,,,
$370.75,20210511-0802,,,
$383.44,20210511-0802,,,
$452.56,20210511-0802,,,
$456.46,20210511-0802,,,
$458.39,20210511-0802,,,
$458.45,20210511-0802,,,
$271.44,20210511-0832,,,
$275.37,20210511-0832,,,
$275.37,20210511-0832,,,
$275.37,20210511-0832,,,
$275.37,20210511-0832,,,
$275.37,20210511-0832,,,
$275.37,20210511-0832,,,
$295.04,20210511-0832,,,
$296.50,20210511-0832,,,
$314.71,20210511-0832,,,
$314.71,20210511-0832,,,
$322.79,20210511-0832,,,
$322.83,20210511-0832,,,
$324.40,20210511-0832,,,
$326.51,20210511-0832,,,
$345.79,20210511-0832,,,
$345.79,20210511-0832,,,
$345.79,20210511-0832,,,
$365.85,20210511-0832,,,
$378.61,20210511-0832,,,
$444.48,20210511-0832,,,
$446.18,20210511-0832,,,
$450.43,20210511-0832,,,
$451.65,20210511-0832,,,
$274.15,20210511-0902,,,
$278.12,20210511-0902,,,
$278.12,20210511-0902,,,
$278.12,20210511-0902,,,
$278.12,20210511-0902,,,
$278.12,20210511-0902,,,
$278.12,20210511-0902,,,
$297.99,20210511-0902,,,
$300.12,20210511-0902,,,
$317.85,20210511-0902,,,
$317.85,20210511-0902,,,
$321.86,20210511-0902,,,
$321.91,20210511-0902,,,
$327.22,20210511-0902,,,
$329.77,20210511-0902,,,
$349.24,20210511-0902,,,
$349.24,20210511-0902,,,
$349.24,20210511-0902,,,
$369.51,20210511-0902,,,
$382.63,20210511-0902,,,
$448.66,20210511-0902,,,
$450.22,20210511-0902,,,
$454.93,20210511-0902,,,
$455.47,20210511-0902,,,
$271.13,20210511-0932,,,
$275.06,20210511-0932,,,
$275.06,20210511-0932,,,
$275.06,20210511-0932,,,
$275.06,20210511-0932,,,
$275.06,20210511-0932,,,
$275.06,20210511-0932,,,
$294.71,20210511-0932,,,
$297.47,20210511-0932,,,
$314.24,20210511-0932,,,
$314.28,20210511-0932,,,
$314.36,20210511-0932,,,
$314.36,20210511-0932,,,
$323.22,20210511-0932,,,
$326.15,20210511-0932,,,
$345.40,20210511-0932,,,
$345.40,20210511-0932,,,
$345.40,20210511-0932,,,
$365.44,20210511-0932,,,
$378.65,20210511-0932,,,
$443.47,20210511-0932,,,
$444.86,20210511-0932,,,
$449.78,20210511-0932,,,
$449.92,20210511-0932,,,
$274.54,20210511-1002,,,
$278.51,20210511-1002,,,
$278.51,20210511-1002,,,
$278.51,20210511-1002,,,
$278.51,20210511-1002,,,
$278.51,20210511-1002,,,
$278.51,20210511-1002,,,
$298.41,20210511-1002,,,
$301.87,20210511-1002,,,
$314.05,20210511-1002,,,
$314.09,20210511-1002,,,
$318.30,20210511-1002,,,
$318.30,20210511-1002,,,
$326.86,20210511-1002,,,
$330.24,20210511-1002,,,
$349.73,20210511-1002,,,
$349.73,20210511-1002,,,
$349.73,20210511-1002,,,
$370.03,20210511-1002,,,
$383.64,20210511-1002,,,
$448.78,20210511-1002,,,
$454.74,20210511-1002,,,
$455.57,20210511-1002,,,
$456.11,20210511-1002,,,
$274.49,20210511-1032,,,
$278.46,20210511-1032,,,
$278.46,20210511-1032,,,
$278.46,20210511-1032,,,
$278.46,20210511-1032,,,
$278.46,20210511-1032,,,
$278.46,20210511-1032,,,
$298.36,20210511-1032,,,
$302.48,20210511-1032,,,
$309.85,20210511-1032,,,
$309.89,20210511-1032,,,
$318.25,20210511-1032,,,
$318.25,20210511-1032,,,
$326.39,20210511-1032,,,
$330.18,20210511-1032,,,
$349.67,20210511-1032,,,
$349.67,20210511-1032,,,
$349.67,20210511-1032,,,
$369.96,20210511-1032,,,
$383.81,20210511-1032,,,
$448.44,20210511-1032,,,
$453.97,20210511-1032,,,
$454.78,20210511-1032,,,
$455.49,20210511-1032,,,
$277.50,20210511-1132,,,
$281.52,20210511-1132,,,
$281.52,20210511-1132,,,
$281.52,20210511-1132,,,
$281.52,20210511-1132,,,
$281.52,20210511-1132,,,
$281.52,20210511-1132,,,
$301.63,20210511-1132,,,
$304.87,20210511-1132,,,
$304.91,20210511-1132,,,
$307.13,20210511-1132,,,
$321.74,20210511-1132,,,
$321.74,20210511-1132,,,
$329.13,20210511-1132,,,
$333.80,20210511-1132,,,
$353.51,20210511-1132,,,
$353.51,20210511-1132,,,
$353.51,20210511-1132,,,
$374.02,20210511-1132,,,
$388.50,20210511-1132,,,
$457.26,20210511-1132,,,
$457.55,20210511-1132,,,
$460.48,20210511-1132,,,
$462.49,20210511-1132,,,
287.8,20210511-2013,287.8,505.01,371.875
288.97,20210511-2013,287.8,505.01,371.875
291.35,20210511-2013,287.8,505.01,371.875
293.16,20210511-2013,287.8,505.01,371.875
293.16,20210511-2013,287.8,505.01,371.875
314.1,20210511-2013,287.8,505.01,371.875
326.66,20210511-2013,287.8,505.01,371.875
335.04,20210511-2013,287.8,505.01,371.875
335.04,20210511-2013,287.8,505.01,371.875
368.12,20210511-2013,287.8,505.01,371.875
368.12,20210511-2013,287.8,505.01,371.875
368.12,20210511-2013,287.8,505.01,371.875
375.63,20210511-2013,287.8,505.01,371.875
389.48,20210511-2013,287.8,505.01,371.875
408.89,20210511-2013,287.8,505.01,371.875
422.85,20210511-2013,287.8,505.01,371.875
423.05,20210511-2013,287.8,505.01,371.875
463.83,20210511-2013,287.8,505.01,371.875
479.52,20210511-2013,287.8,505.01,371.875
481.73,20210511-2013,287.8,505.01,371.875
502.55,20210511-2013,287.8,505.01,371.875
502.55,20210511-2013,287.8,505.01,371.875
502.55,20210511-2013,287.8,505.01,371.875
505.01,20210511-2013,287.8,505.01,371.875
258.82,20210511-2027,258.82,500.94,366.94
286.66,20210511-2027,258.82,500.94,366.94
288.04,20210511-2027,258.82,500.94,366.94
289.99,20210511-2027,258.82,500.94,366.94
292.21,20210511-2027,258.82,500.94,366.94
292.21,20210511-2027,258.82,500.94,366.94
313.09,20210511-2027,258.82,500.94,366.94
325.61,20210511-2027,258.82,500.94,366.94
333.96,20210511-2027,258.82,500.94,366.94
333.96,20210511-2027,258.82,500.94,366.94
366.94,20210511-2027,258.82,500.94,366.94
366.94,20210511-2027,258.82,500.94,366.94
366.94,20210511-2027,258.82,500.94,366.94
374.25,20210511-2027,258.82,500.94,366.94
388.23,20210511-2027,258.82,500.94,366.94
407.69,20210511-2027,258.82,500.94,366.94
419.1,20210511-2027,258.82,500.94,366.94
419.3,20210511-2027,258.82,500.94,366.94
461.99,20210511-2027,258.82,500.94,366.94
477.98,20210511-2027,258.82,500.94,366.94
480.21,20210511-2027,258.82,500.94,366.94
500.94,20210511-2027,258.82,500.94,366.94
500.94,20210511-2027,258.82,500.94,366.94
500.94,20210511-2027,258.82,500.94,366.94
258.99,20210511-2044,258.99,503.59,370.74
286.6,20210511-2044,258.99,503.59,370.74
289.69,20210511-2044,258.99,503.59,370.74
292.41,20210511-2044,258.99,503.59,370.74
292.41,20210511-2044,258.99,503.59,370.74
313.29,20210511-2044,258.99,503.59,370.74
325.83,20210511-2044,258.99,503.59,370.74
334.18,20210511-2044,258.99,503.59,370.74
334.18,20210511-2044,258.99,503.59,370.74
367.18,20210511-2044,258.99,503.59,370.74
367.18,20210511-2044,258.99,503.59,370.74
367.18,20210511-2044,258.99,503.59,370.74
374.3,20210511-2044,258.99,503.59,370.74
388.48,20210511-2044,258.99,503.59,370.74
408.1,20210511-2044,258.99,503.59,370.74
416.55,20210511-2044,258.99,503.59,370.74
416.75,20210511-2044,258.99,503.59,370.74
461.88,20210511-2044,258.99,503.59,370.74
478.3,20210511-2044,258.99,503.59,370.74
480.56,20210511-2044,258.99,503.59,370.74
501.27,20210511-2044,258.99,503.59,370.74
501.27,20210511-2044,258.99,503.59,370.74
501.27,20210511-2044,258.99,503.59,370.74
503.59,20210511-2044,258.99,503.59,370.74
260.35,20210511-2059,260.35,506.18,372.605
287.89,20210511-2059,260.35,506.18,372.605
290.77,20210511-2059,260.35,506.18,372.605
293.95,20210511-2059,260.35,506.18,372.605
293.95,20210511-2059,260.35,506.18,372.605
314.94,20210511-2059,260.35,506.18,372.605
327.54,20210511-2059,260.35,506.18,372.605
335.94,20210511-2059,260.35,506.18,372.605
335.94,20210511-2059,260.35,506.18,372.605
369.11,20210511-2059,260.35,506.18,372.605
369.11,20210511-2059,260.35,506.18,372.605
369.11,20210511-2059,260.35,506.18,372.605
376.1,20210511-2059,260.35,506.18,372.605
390.53,20210511-2059,260.35,506.18,372.605
410.38,20210511-2059,260.35,506.18,372.605
416.25,20210511-2059,260.35,506.18,372.605
416.45,20210511-2059,260.35,506.18,372.605
463.95,20210511-2059,260.35,506.18,372.605
480.81,20210511-2059,260.35,506.18,372.605
483.12,20210511-2059,260.35,506.18,372.605
503.91,20210511-2059,260.35,506.18,372.605
503.91,20210511-2059,260.35,506.18,372.605
503.91,20210511-2059,260.35,506.18,372.605
506.18,20210511-2059,260.35,506.18,372.605
286.6,20210511-2114,286.6,508.56,381.8
289.25,20210511-2114,286.6,508.56,381.8
292.85,20210511-2114,286.6,508.56,381.8
292.85,20210511-2114,286.6,508.56,381.8
313.77,20210511-2114,286.6,508.56,381.8
326.32,20210511-2114,286.6,508.56,381.8
334.69,20210511-2114,286.6,508.56,381.8
334.69,20210511-2114,286.6,508.56,381.8
367.74,20210511-2114,286.6,508.56,381.8
367.74,20210511-2114,286.6,508.56,381.8
367.74,20210511-2114,286.6,508.56,381.8
374.52,20210511-2114,286.6,508.56,381.8
389.08,20210511-2114,286.6,508.56,381.8
408.98,20210511-2114,286.6,508.56,381.8
412.21,20210511-2114,286.6,508.56,381.8
412.41,20210511-2114,286.6,508.56,381.8
461.86,20210511-2114,286.6,508.56,381.8
479.02,20210511-2114,286.6,508.56,381.8
481.35,20210511-2114,286.6,508.56,381.8
502.03,20210511-2114,286.6,508.56,381.8
502.03,20210511-2114,286.6,508.56,381.8
502.03,20210511-2114,286.6,508.56,381.8
504.23,20210511-2114,286.6,508.56,381.8
508.56,20210511-2114,286.6,508.56,381.8
285.56,20210511-2129,285.56,507.3,380.61
287.98,20210511-2129,285.56,507.3,380.61
292.01,20210511-2129,285.56,507.3,380.61
292.01,20210511-2129,285.56,507.3,380.61
312.86,20210511-2129,285.56,507.3,380.61
325.38,20210511-2129,285.56,507.3,380.61
333.72,20210511-2129,285.56,507.3,380.61
333.72,20210511-2129,285.56,507.3,380.61
366.68,20210511-2129,285.56,507.3,380.61
366.68,20210511-2129,285.56,507.3,380.61
366.68,20210511-2129,285.56,507.3,380.61
373.27,20210511-2129,285.56,507.3,380.61
387.95,20210511-2129,285.56,507.3,380.61
407.92,20210511-2129,285.56,507.3,380.61
408.54,20210511-2129,285.56,507.3,380.61
408.74,20210511-2129,285.56,507.3,380.61
458.87,20210511-2129,285.56,507.3,380.61
460.16,20210511-2129,285.56,507.3,380.61
477.64,20210511-2129,285.56,507.3,380.61
500.58,20210511-2129,285.56,507.3,380.61
500.58,20210511-2129,285.56,507.3,380.61
500.58,20210511-2129,285.56,507.3,380.61
502.71,20210511-2129,285.56,507.3,380.61
507.3,20210511-2129,285.56,507.3,380.61
